fmisid,date,observation,value
101178,2007-06-26 00:00:00,Snow depth,-1.0
101471,1996-05-04 00:00:00,Snow depth,-1.0
101679,1968-11-14 00:00:00,Precipitation amount,-1.0
102001,1983-11-27 00:00:00,Precipitation amount,0.2
101315,2020-11-22 00:00:00,Maximum temperature,4.6
100944,2002-06-05 00:00:00,Air temperature,16.4
101071,2008-11-05 00:00:00,Precipitation amount,-1.0
100938,1982-12-19 00:00:00,Precipitation amount,-1.0
101474,1976-01-29 00:00:00,Snow depth,22.0
101762,1995-07-17 00:00:00,Precipitation amount,-1.0
101806,1980-10-19 00:00:00,Snow depth,0.0
101509,1971-05-22 00:00:00,Snow depth,-1.0
101118,1988-09-26 00:00:00,Minimum temperature,4.4
100907,1995-07-14 00:00:00,Maximum temperature,22.6
100990,1989-02-20 00:00:00,Precipitation amount,-1.0
101507,1967-04-04 00:00:00,Snow depth,0.0
101833,1984-12-04 00:00:00,Precipitation amount,0.0
101240,1961-04-28 00:00:00,Precipitation amount,-1.0
101764,1970-12-22 00:00:00,Precipitation amount,4.5
101653,1979-12-23 00:00:00,Minimum temperature,-4.2
101463,1969-01-15 00:00:00,Maximum temperature,-5.0
101677,1980-06-26 00:00:00,Precipitation amount,0.7
101282,2001-02-24 00:00:00,Snow depth,31.0
102005,1999-01-28 00:00:00,Snow depth,56.0
101952,1972-12-04 00:00:00,Minimum temperature,-0.2
101636,1974-02-16 00:00:00,Air temperature,-1.9
101133,1968-03-22 00:00:00,Snow depth,48.0
101831,2017-08-08 00:00:00,Precipitation amount,-1.0
101555,1964-11-11 00:00:00,Snow depth,3.0
100961,1976-12-26 00:00:00,Precipitation amount,0.1
102001,1971-04-06 00:00:00,Air temperature,-6.6
101935,1966-12-06 00:00:00,Snow depth,13.0
101910,1977-10-17 00:00:00,Precipitation amount,15.0
101441,2005-01-04 00:00:00,Minimum temperature,-4.3
101654,1961-06-26 00:00:00,Minimum temperature,9.9
100973,1972-04-25 00:00:00,Minimum temperature,-4.2
101700,1976-03-11 00:00:00,Precipitation amount,1.7
101864,2009-04-17 00:00:00,Precipitation amount,2.4
101775,2020-01-29 00:00:00,Air temperature,-4.7
101763,1981-04-11 00:00:00,Precipitation amount,-1.0
101963,1962-01-03 00:00:00,Precipitation amount,1.9
101861,1981-07-08 00:00:00,Air temperature,13.4
101290,1995-05-06 00:00:00,Precipitation amount,-1.0
101491,2001-09-03 00:00:00,Snow depth,-1.0
101783,2020-04-14 00:00:00,Minimum temperature,-0.8
101377,1986-09-30 00:00:00,Snow depth,-1.0
101851,2014-07-17 00:00:00,Air temperature,18.2
101787,2013-03-22 00:00:00,Snow depth,40.0
101367,1974-02-02 00:00:00,Snow depth,73.0
101253,1988-05-08 00:00:00,Precipitation amount,-1.0
101013,1991-06-25 00:00:00,Air temperature,15.6
101393,1990-10-24 00:00:00,Maximum temperature,6.4
101887,2016-06-15 00:00:00,Snow depth,-1.0
102008,1972-06-14 00:00:00,Precipitation amount,15.4
101272,2010-01-19 00:00:00,Snow depth,22.0
101044,1975-05-13 00:00:00,Minimum temperature,5.8
101634,1981-06-22 00:00:00,Maximum temperature,19.5
101116,2017-04-06 00:00:00,Precipitation amount,-1.0
101861,1971-01-15 00:00:00,Snow depth,39.0
101603,2002-03-30 00:00:00,Snow depth,66.0
101712,1995-02-27 00:00:00,Precipitation amount,-1.0
101013,1985-09-29 00:00:00,Air temperature,4.2
101154,1964-06-11 00:00:00,Air temperature,10.3
101039,2002-06-13 00:00:00,Air temperature,15.5
101628,2020-06-21 00:00:00,Maximum temperature,22.2
101333,1989-10-01 00:00:00,Snow depth,-1.0
101558,1979-04-20 00:00:00,Precipitation amount,-1.0
101531,1966-05-22 00:00:00,Snow depth,-1.0
101462,1984-01-06 00:00:00,Snow depth,39.0
101651,2020-07-04 00:00:00,Air temperature,14.9
101115,1996-12-19 00:00:00,Snow depth,8.0
101372,1969-03-25 00:00:00,Precipitation amount,-1.0
101871,2002-04-26 00:00:00,Snow depth,35.0
101603,2009-07-11 00:00:00,Minimum temperature,8.4
101282,1977-05-02 00:00:00,Snow depth,0.0
101928,2008-08-14 00:00:00,Maximum temperature,15.9
101446,2017-05-16 00:00:00,Snow depth,-1.0
101480,1995-07-11 00:00:00,Minimum temperature,10.7
102028,1996-08-26 00:00:00,Precipitation amount,2.8
101747,1987-05-06 00:00:00,Snow depth,-1.0
101570,2011-01-05 00:00:00,Air temperature,-14.3
101083,1974-05-26 00:00:00,Precipitation amount,4.0
101474,2000-03-03 00:00:00,Precipitation amount,18.9
101787,2021-11-18 00:00:00,Snow depth,-1.0
101017,2001-08-07 00:00:00,Precipitation amount,-1.0
101799,2012-03-09 00:00:00,Minimum temperature,-5.2
101806,1997-07-12 00:00:00,Precipitation amount,-1.0
101367,2012-04-16 00:00:00,Minimum temperature,-4.6
101969,1984-06-07 00:00:00,Air temperature,4.5
101923,1986-12-30 00:00:00,Snow depth,10.0
100907,1993-10-22 00:00:00,Precipitation amount,-1.0
101045,1990-08-28 00:00:00,Precipitation amount,-1.0
101934,1972-08-20 00:00:00,Snow depth,-1.0
101464,1963-05-09 00:00:00,Air temperature,5.1
101533,1978-05-10 00:00:00,Minimum temperature,-5.0
101282,1980-03-14 00:00:00,Snow depth,43.0
101481,2013-03-05 00:00:00,Minimum temperature,-5.5
100951,2019-11-26 00:00:00,Minimum temperature,0.5
101112,1979-11-22 00:00:00,Snow depth,-1.0
101830,1997-11-12 00:00:00,Precipitation amount,-1.0
100968,2015-09-18 00:00:00,Snow depth,-1.0
101430,2013-04-15 00:00:00,Minimum temperature,1.7
101023,2023-12-05 00:00:00,Minimum temperature,-9.5
101308,1982-07-20 00:00:00,Precipitation amount,-1.0
102056,1993-03-25 00:00:00,Precipitation amount,-1.0
101778,1975-06-20 00:00:00,Precipitation amount,-1.0
101391,2009-01-31 00:00:00,Snow depth,19.0
101154,2001-10-15 00:00:00,Minimum temperature,-0.5
101179,2006-05-04 00:00:00,Snow depth,-1.0
101595,1999-10-10 00:00:00,Precipitation amount,-1.0
101022,2002-10-02 00:00:00,Minimum temperature,5.5
101144,1974-06-04 00:00:00,Snow depth,-1.0
101156,1981-06-19 00:00:00,Air temperature,9.7
101756,2020-06-25 00:00:00,Minimum temperature,17.5
101950,2020-11-23 00:00:00,Precipitation amount,2.0
101343,1984-08-14 00:00:00,Precipitation amount,-1.0
101136,2006-12-11 00:00:00,Precipitation amount,6.3
101625,1993-04-16 00:00:00,Air temperature,-0.7
101281,1998-12-26 00:00:00,Precipitation amount,-1.0
101030,1960-01-08,Air temperature,-13.0
101523,2003-09-26 00:00:00,Precipitation amount,4.6
101422,1985-07-19 00:00:00,Minimum temperature,11.0
101775,2016-09-11 00:00:00,Maximum temperature,16.8
101051,2000-05-04 00:00:00,Precipitation amount,-1.0
101570,1999-06-28 00:00:00,Maximum temperature,23.9
101861,2006-09-14 00:00:00,Minimum temperature,2.0
101520,1964-07-23 00:00:00,Snow depth,-1.0
101159,1977-12-26 00:00:00,Snow depth,14.0
101345,1980-09-29 00:00:00,Precipitation amount,-1.0
101936,1970-05-30 00:00:00,Precipitation amount,-1.0
101194,1996-07-15 00:00:00,Snow depth,-1.0
102027,1970-04-02 00:00:00,Snow depth,56.0
101669,1974-08-27 00:00:00,Snow depth,-1.0
101494,1972-03-16 00:00:00,Snow depth,38.0
100947,2004-06-24 00:00:00,Air temperature,12.5
101223,1985-05-30 00:00:00,Snow depth,-1.0
101842,1978-04-24 00:00:00,Snow depth,48.0
101491,2005-05-15 00:00:00,Snow depth,-1.0
129963,2014-04-27 00:00:00,Maximum temperature,2.4
101129,1969-11-21 00:00:00,Precipitation amount,0.0
101786,2004-02-02 00:00:00,Air temperature,-9.0
101537,1992-04-17 00:00:00,Air temperature,-1.4
101149,1997-02-05 00:00:00,Precipitation amount,-1.0
100934,1961-06-10 00:00:00,Minimum temperature,14.0
101230,1976-02-22 00:00:00,Snow depth,28.0
101775,2000-06-29 00:00:00,Minimum temperature,11.5
101361,1982-07-26 00:00:00,Air temperature,18.4
101891,2008-06-25 00:00:00,Precipitation amount,5.8
101310,2008-07-03 00:00:00,Minimum temperature,8.1
101425,1969-08-02 00:00:00,Snow depth,-1.0
101899,2019-09-01 00:00:00,Minimum temperature,10.9
101402,1970-07-10 00:00:00,Precipitation amount,12.2
101492,2008-10-10 00:00:00,Snow depth,-1.0
100952,1980-11-04 00:00:00,Precipitation amount,-1.0
101050,1982-05-25 00:00:00,Snow depth,-1.0
101244,1974-09-29 00:00:00,Snow depth,-1.0
101781,1973-03-31 00:00:00,Snow depth,11.0
101196,1962-03-28 00:00:00,Minimum temperature,-3.7
101995,1992-10-19 00:00:00,Snow depth,10.0
101130,1966-01-22 00:00:00,Air temperature,-14.3
101662,1989-03-06 00:00:00,Maximum temperature,5.0
101422,1978-01-02 00:00:00,Maximum temperature,-1.5
101459,2017-02-12 00:00:00,Maximum temperature,-4.8
101951,1964-06-21 00:00:00,Air temperature,7.8
101997,1973-11-09 00:00:00,Precipitation amount,1.5
100979,1980-03-05 00:00:00,Snow depth,27.0
101609,1989-04-12 00:00:00,Precipitation amount,-1.0
101704,1967-01-24 00:00:00,Precipitation amount,-1.0
101746,1990-11-14 00:00:00,Precipitation amount,-1.0
101680,1964-11-21 00:00:00,Snow depth,1.0
101641,1987-02-23 00:00:00,Precipitation amount,0.0
101408,1992-05-06 00:00:00,Snow depth,-1.0
101721,1990-05-17 00:00:00,Snow depth,-1.0
101634,1976-09-02 00:00:00,Precipitation amount,0.6
100965,1998-03-04 00:00:00,Air temperature,-0.7
101275,1983-10-13 00:00:00,Snow depth,-1.0
101303,2001-11-04 00:00:00,Snow depth,5.0
101614,1998-12-25 00:00:00,Snow depth,10.0
101913,1997-12-29 00:00:00,Precipitation amount,0.8
101430,2007-04-14 00:00:00,Air temperature,6.3
101839,1993-06-07 00:00:00,Precipitation amount,4.5
102047,2024-03-27 00:00:00,Maximum temperature,-5.1
101422,2000-08-04 00:00:00,Precipitation amount,-1.0
100924,2014-04-07 00:00:00,Maximum temperature,3.0
101112,1971-05-23 00:00:00,Snow depth,-1.0
101213,1966-11-19 00:00:00,Snow depth,-1.0
101630,1964-02-27 00:00:00,Precipitation amount,-1.0
101777,1971-09-03 00:00:00,Precipitation amount,0.3
102000,1980-08-15 00:00:00,Snow depth,-1.0
101441,1990-04-01 00:00:00,Air temperature,-0.3
100953,2012-10-25 00:00:00,Snow depth,-1.0
101459,2016-03-15 00:00:00,Minimum temperature,-2.1
101764,1975-06-02 00:00:00,Precipitation amount,-1.0
101609,2004-06-24 00:00:00,Snow depth,-1.0
101549,1974-02-03 00:00:00,Snow depth,90.0
101889,1965-02-01 00:00:00,Precipitation amount,0.5
101778,1987-07-05 00:00:00,Precipitation amount,-1.0
101799,2019-08-24 00:00:00,Snow depth,-1.0
101105,1989-05-16 00:00:00,Air temperature,13.2
101486,2004-05-12 00:00:00,Air temperature,4.1
101246,1995-07-24 00:00:00,Air temperature,14.3
101814,1985-07-31 00:00:00,Precipitation amount,4.0
101315,2010-04-05 00:00:00,Air temperature,1.9
101541,2022-02-04 00:00:00,Snow depth,53.0
101143,2000-02-15 00:00:00,Precipitation amount,3.2
101212,1998-12-11 00:00:00,Precipitation amount,3.0
101639,1970-10-04 00:00:00,Snow depth,-1.0
101639,1960-11-17,Snow depth,-1.0
101886,1987-04-13 00:00:00,Air temperature,0.9
101909,1965-01-31 00:00:00,Snow depth,67.0
101231,1989-10-28 00:00:00,Snow depth,-1.0
101459,2019-02-16 00:00:00,Snow depth,58.0
101603,2003-05-08 00:00:00,Precipitation amount,-1.0
101237,1970-10-02 00:00:00,Precipitation amount,-1.0
101485,2016-05-01 00:00:00,Air temperature,7.5
101812,2009-09-06 00:00:00,Precipitation amount,21.8
102033,2022-06-10 00:00:00,Air temperature,10.1
101013,1981-05-22 00:00:00,Snow depth,-1.0
100911,1999-07-02 00:00:00,Precipitation amount,3.5
101086,1967-06-21 00:00:00,Snow depth,-1.0
102023,1970-04-26 00:00:00,Precipitation amount,0.2
101542,1967-01-17 00:00:00,Precipitation amount,0.1
101570,1966-03-02 00:00:00,Maximum temperature,-8.9
101776,1996-10-18 00:00:00,Maximum temperature,3.0
101320,1998-04-12 00:00:00,Precipitation amount,-1.0
101685,1996-08-24 00:00:00,Snow depth,-1.0
101044,2014-03-16 00:00:00,Maximum temperature,1.6
101262,2002-07-05 00:00:00,Precipitation amount,0.1
101667,1992-09-25 00:00:00,Precipitation amount,0.2
101558,1996-05-26 00:00:00,Precipitation amount,10.2
102051,1987-03-05 00:00:00,Precipitation amount,0.1
101153,1983-02-15 00:00:00,Air temperature,-9.9
101951,1980-02-03 00:00:00,Air temperature,-18.7
101662,1990-10-27 00:00:00,Air temperature,0.1
100907,1977-05-07 00:00:00,Maximum temperature,14.5
101055,1969-02-01 00:00:00,Precipitation amount,1.2
102035,1985-03-11 00:00:00,Precipitation amount,0.4
101840,1968-10-02 00:00:00,Snow depth,-1.0
101775,2021-02-27 00:00:00,Maximum temperature,2.7
100923,2008-07-30 00:00:00,Maximum temperature,24.3
101790,2013-04-14 00:00:00,Precipitation amount,0.6
101645,1979-02-13 00:00:00,Precipitation amount,-1.0
102035,1971-12-24 00:00:00,Air temperature,-24.9
101840,1975-07-19 00:00:00,Minimum temperature,7.2
100921,2016-06-16 00:00:00,Maximum temperature,15.1
101565,1988-05-02 00:00:00,Minimum temperature,-2.3
101503,1998-12-02 00:00:00,Precipitation amount,0.1
101985,2017-07-22 00:00:00,Minimum temperature,6.6
101959,2007-01-19 00:00:00,Snow depth,30.0
102023,1975-02-12 00:00:00,Snow depth,35.0
101776,1972-10-04 00:00:00,Snow depth,-1.0
101840,2004-07-27 00:00:00,Minimum temperature,16.0
101352,2004-06-09 00:00:00,Precipitation amount,-1.0
101831,2014-10-15 00:00:00,Air temperature,-5.6
101203,1971-07-19 00:00:00,Precipitation amount,-1.0
101424,2006-07-22 00:00:00,Precipitation amount,-1.0
100952,1980-03-02 00:00:00,Minimum temperature,-13.6
101034,1981-03-11 00:00:00,Precipitation amount,0.1
101339,1965-02-17 00:00:00,Minimum temperature,-14.6
101253,1967-01-04 00:00:00,Precipitation amount,0.9
101505,2000-09-04 00:00:00,Snow depth,-1.0
100980,1971-01-31 00:00:00,Precipitation amount,7.9
101413,1975-04-20 00:00:00,Maximum temperature,10.2
102035,2020-08-06 00:00:00,Precipitation amount,0.1
101350,1996-08-29 00:00:00,Snow depth,-1.0
101402,1977-05-02 00:00:00,Snow depth,-1.0
102051,1996-05-10 00:00:00,Minimum temperature,-6.6
101565,1991-03-30 00:00:00,Minimum temperature,0.0
100953,2017-06-13 00:00:00,Minimum temperature,9.3
101486,1982-10-29 00:00:00,Minimum temperature,0.9
101159,1982-12-28 00:00:00,Precipitation amount,-1.0
101012,1979-05-16 00:00:00,Precipitation amount,-1.0
101367,2010-11-18 00:00:00,Air temperature,-4.3
101420,2008-01-18 00:00:00,Maximum temperature,2.4
101654,1962-11-11 00:00:00,Snow depth,-1.0
101255,1970-03-18 00:00:00,Precipitation amount,5.1
101574,1975-04-30 00:00:00,Snow depth,0.0
101149,1970-01-19 00:00:00,Snow depth,45.0
101306,1968-11-26 00:00:00,Snow depth,10.0
100997,2011-03-23 00:00:00,Air temperature,1.4
101539,1969-07-21 00:00:00,Snow depth,-1.0
100913,1962-04-16 00:00:00,Precipitation amount,-1.0
101176,1988-11-06 00:00:00,Snow depth,10.0
101745,2013-07-21 00:00:00,Precipitation amount,5.2
101873,2020-10-09 00:00:00,Snow depth,-1.0
100968,1970-07-03 00:00:00,Snow depth,-1.0
101571,1996-01-21 00:00:00,Snow depth,31.0
100932,2016-03-23 00:00:00,Air temperature,0.7
101802,1984-03-16 00:00:00,Precipitation amount,0.1
101413,1989-01-22 00:00:00,Air temperature,-1.8
101422,1995-11-24 00:00:00,Precipitation amount,1.7
100954,1988-04-26 00:00:00,Snow depth,1.0
101273,1971-08-10 00:00:00,Snow depth,-1.0
101108,2006-02-13 00:00:00,Snow depth,39.0
101071,1988-06-28 00:00:00,Precipitation amount,-1.0
101104,2021-03-27 00:00:00,Minimum temperature,0.0
101969,2001-05-13 00:00:00,Minimum temperature,1.9
101520,1998-06-15 00:00:00,Snow depth,-1.0
101193,1989-11-03 00:00:00,Maximum temperature,5.0
101258,1968-09-06 00:00:00,Precipitation amount,-1.0
101525,1981-11-03 00:00:00,Precipitation amount,-1.0
101487,2002-03-19 00:00:00,Snow depth,25.0
101525,1984-01-14 00:00:00,Snow depth,65.0
101881,1977-06-14 00:00:00,Precipitation amount,-1.0
101675,2016-10-13 00:00:00,Snow depth,-1.0
101282,1986-09-22 00:00:00,Precipitation amount,5.0
101528,1960-07-22,Precipitation amount,0.2
101555,1989-05-16 00:00:00,Air temperature,12.8
101532,1980-03-11 00:00:00,Snow depth,64.0
101725,1987-01-10 00:00:00,Air temperature,-37.6
101856,1960-11-07,Precipitation amount,-1.0
100907,2015-10-01 00:00:00,Maximum temperature,14.8
101651,2015-12-22 00:00:00,Precipitation amount,0.4
101995,2004-10-18 00:00:00,Snow depth,2.0
101952,1996-05-14 00:00:00,Air temperature,-0.1
102007,1992-01-20 00:00:00,Precipitation amount,1.2
100968,1999-07-31 00:00:00,Precipitation amount,-1.0
101319,1972-06-07 00:00:00,Snow depth,-1.0
101382,1970-01-16 00:00:00,Snow depth,30.0
101685,1980-10-10 00:00:00,Snow depth,-1.0
101363,2004-01-12 00:00:00,Minimum temperature,-11.0
101933,2014-04-09 00:00:00,Air temperature,-6.9
101061,2017-02-03 00:00:00,Minimum temperature,0.1
100944,1991-12-02 00:00:00,Precipitation amount,-1.0
101935,1968-09-28 00:00:00,Precipitation amount,-1.0
100971,1997-02-06 00:00:00,Minimum temperature,-4.9
101462,1967-07-14 00:00:00,Air temperature,14.0
101017,2001-03-14 00:00:00,Snow depth,17.0
101130,1976-09-26 00:00:00,Minimum temperature,-1.0
101407,1995-06-16 00:00:00,Snow depth,-1.0
101272,1979-01-21 00:00:00,Maximum temperature,-9.4
102020,1990-11-23 00:00:00,Minimum temperature,-25.6
101044,1996-04-11 00:00:00,Precipitation amount,-1.0
101503,1980-10-02 00:00:00,Minimum temperature,6.7
101242,2007-06-18 00:00:00,Snow depth,-1.0
102016,2012-01-12 00:00:00,Precipitation amount,0.4
102019,2011-09-26 00:00:00,Maximum temperature,10.5
101065,1976-04-06 00:00:00,Precipitation amount,5.8
101320,1973-06-21 00:00:00,Snow depth,-1.0
101018,1995-04-30 00:00:00,Precipitation amount,0.0
101800,1981-12-23 00:00:00,Maximum temperature,-10.1
100967,2015-01-01 00:00:00,Precipitation amount,2.6
101050,2003-04-23 00:00:00,Precipitation amount,-1.0
101040,2000-10-26 00:00:00,Air temperature,6.3
101802,2011-01-27 00:00:00,Precipitation amount,0.2
101846,2007-02-06 00:00:00,Maximum temperature,-23.1
101569,2023-10-24 00:00:00,Precipitation amount,-1.0
105390,1961-12-02 00:00:00,Air temperature,-1.5
101326,1982-10-05 00:00:00,Precipitation amount,-1.0
101577,2016-02-06 00:00:00,Snow depth,29.0
101400,1977-12-25 00:00:00,Maximum temperature,-7.3
101223,1992-05-12 00:00:00,Snow depth,-1.0
101572,2015-05-04 00:00:00,Minimum temperature,-0.9
101908,2006-04-19 00:00:00,Maximum temperature,5.0
101246,2017-05-03 00:00:00,Minimum temperature,0.8
101134,1989-04-04 00:00:00,Precipitation amount,-1.0
100924,2004-11-13 00:00:00,Minimum temperature,3.9
101877,2008-09-25 00:00:00,Precipitation amount,0.2
101964,1996-05-17 00:00:00,Maximum temperature,4.1
100916,1997-09-19 00:00:00,Precipitation amount,-1.0
101951,1974-08-20 00:00:00,Minimum temperature,3.4
100944,2006-07-29 00:00:00,Maximum temperature,24.2
101626,1994-02-15 00:00:00,Air temperature,-9.9
101805,2010-12-16 00:00:00,Minimum temperature,-13.7
101590,2004-07-16 00:00:00,Snow depth,-1.0
101908,1964-04-20 00:00:00,Minimum temperature,1.2
101665,2021-04-02 00:00:00,Snow depth,14.0
101446,2020-10-01 00:00:00,Precipitation amount,-1.0
101944,1974-07-26 00:00:00,Maximum temperature,25.0
101586,2021-06-18 00:00:00,Snow depth,-1.0
101330,1988-05-01 00:00:00,Precipitation amount,-1.0
101078,1984-12-17 00:00:00,Snow depth,0.0
101448,1973-05-22 00:00:00,Precipitation amount,-1.0
101258,2003-08-25 00:00:00,Snow depth,-1.0
101520,1965-05-17 00:00:00,Minimum temperature,-3.7
101704,1973-07-24 00:00:00,Snow depth,-1.0
100946,2003-05-01 00:00:00,Air temperature,3.2
101528,1962-05-20 00:00:00,Snow depth,-1.0
102035,2018-07-24 00:00:00,Snow depth,-1.0
101969,1981-06-04 00:00:00,Precipitation amount,-1.0
105427,2020-03-13 00:00:00,Snow depth,-1.0
101241,1963-02-18 00:00:00,Snow depth,49.0
101622,1966-02-20 00:00:00,Snow depth,67.0
101282,1979-11-07 00:00:00,Precipitation amount,-1.0
101532,1994-09-14 00:00:00,Snow depth,-1.0
101802,1987-03-28 00:00:00,Precipitation amount,6.0
101425,2012-04-16 00:00:00,Precipitation amount,7.4
101159,2003-02-06 00:00:00,Snow depth,35.0
101046,1984-11-18 00:00:00,Precipitation amount,-1.0
101590,1992-07-31 00:00:00,Snow depth,-1.0
101724,1988-08-01 00:00:00,Precipitation amount,0.8
102005,2018-05-12 00:00:00,Minimum temperature,3.7
101880,1972-02-04 00:00:00,Snow depth,100.0
101342,1999-03-20 00:00:00,Snow depth,50.0
101528,1985-09-27 00:00:00,Snow depth,-1.0
101787,1971-08-02 00:00:00,Maximum temperature,18.6
100913,1972-11-29 00:00:00,Snow depth,-1.0
102005,2005-09-07 00:00:00,Precipitation amount,3.8
102017,2010-01-19 00:00:00,Minimum temperature,-13.8
101541,1993-05-03 00:00:00,Precipitation amount,-1.0
101160,1960-03-04,Snow depth,58.0
101776,1969-07-05 00:00:00,Minimum temperature,11.3
100917,1990-08-21 00:00:00,Precipitation amount,-1.0
101608,2007-03-11 00:00:00,Air temperature,0.6
101753,2020-12-29 00:00:00,Snow depth,28.0
101441,1981-06-06 00:00:00,Air temperature,13.7
101132,2000-12-29 00:00:00,Snow depth,9.0
100919,2010-08-07 00:00:00,Maximum temperature,18.2
101717,1991-03-29 00:00:00,Precipitation amount,-1.0
101801,1974-02-27 00:00:00,Precipitation amount,0.2
101068,1981-06-05 00:00:00,Minimum temperature,10.0
101279,1967-01-22 00:00:00,Precipitation amount,-1.0
101077,1967-05-23 00:00:00,Precipitation amount,-1.0
102001,1974-08-28 00:00:00,Precipitation amount,4.7
101254,2021-09-04 00:00:00,Maximum temperature,8.8
101013,1981-05-26 00:00:00,Minimum temperature,7.5
101175,1972-08-19 00:00:00,Precipitation amount,0.2
101524,1966-01-04 00:00:00,Precipitation amount,-1.0
101421,2014-01-23 00:00:00,Snow depth,7.0
101422,1989-11-03 00:00:00,Precipitation amount,0.4
101224,1993-07-03 00:00:00,Precipitation amount,-1.0
101282,1974-12-28 00:00:00,Precipitation amount,-1.0
101323,1975-01-19 00:00:00,Precipitation amount,3.2
101861,1984-04-23 00:00:00,Precipitation amount,-1.0
102048,1984-02-05 00:00:00,Precipitation amount,0.6
101725,2009-01-16 00:00:00,Minimum temperature,-26.0
101822,2011-04-05 00:00:00,Snow depth,66.0
101716,1966-04-09 00:00:00,Precipitation amount,0.7
101558,1986-03-22 00:00:00,Snow depth,64.0
101153,1963-12-17 00:00:00,Minimum temperature,-24.5
101624,1985-08-25 00:00:00,Snow depth,-1.0
102036,2005-01-24 00:00:00,Maximum temperature,-9.1
101958,2015-02-13 00:00:00,Minimum temperature,-10.6
101832,1982-07-15 00:00:00,Maximum temperature,25.0
101953,1996-11-11 00:00:00,Precipitation amount,-1.0
101533,1965-12-28 00:00:00,Maximum temperature,-1.8
101679,2000-02-08 00:00:00,Precipitation amount,-1.0
102037,1963-09-20 00:00:00,Precipitation amount,-1.0
101933,2011-01-02 00:00:00,Minimum temperature,-18.0
101132,1981-08-16 00:00:00,Snow depth,-1.0
101071,2002-09-15 00:00:00,Snow depth,-1.0
101879,1991-06-19 00:00:00,Snow depth,-1.0
102020,1983-01-15 00:00:00,Minimum temperature,-12.0
101794,1998-03-07 00:00:00,Maximum temperature,-6.4
102000,1982-04-02 00:00:00,Minimum temperature,-7.6
101756,2007-10-04 00:00:00,Air temperature,6.3
100937,2004-01-08 00:00:00,Precipitation amount,10.4
100907,2011-08-13 00:00:00,Maximum temperature,20.0
101892,1982-02-26 00:00:00,Precipitation amount,0.7
100981,1987-09-07 00:00:00,Snow depth,-1.0
101776,2023-09-15 00:00:00,Air temperature,7.2
100954,1983-08-16 00:00:00,Maximum temperature,17.5
101059,2020-11-28 00:00:00,Air temperature,1.1
101131,1969-01-19 00:00:00,Precipitation amount,-1.0
101338,2010-07-28 00:00:00,Snow depth,-1.0
101189,2008-03-19 00:00:00,Air temperature,-4.1
100955,1974-12-19 00:00:00,Maximum temperature,3.0
101506,1990-03-20 00:00:00,Precipitation amount,-1.0
101787,2007-09-30 00:00:00,Minimum temperature,2.2
101376,1976-09-03 00:00:00,Precipitation amount,-1.0
101914,1998-11-30 00:00:00,Minimum temperature,-2.2
100916,1967-08-04 00:00:00,Snow depth,-1.0
101267,1996-10-17 00:00:00,Maximum temperature,8.5
101152,1994-12-11 00:00:00,Maximum temperature,2.3
101841,2007-03-04 00:00:00,Snow depth,44.0
101464,1992-01-15 00:00:00,Air temperature,3.2
101464,2014-08-18 00:00:00,Maximum temperature,17.0
100907,2006-07-16 00:00:00,Minimum temperature,6.1
101725,1968-12-16 00:00:00,Maximum temperature,-1.3
101887,1993-03-01 00:00:00,Snow depth,78.0
101014,2001-02-03 00:00:00,Air temperature,-22.3
101985,2018-10-13 00:00:00,Air temperature,6.0
101599,1971-04-29 00:00:00,Precipitation amount,0.2
101019,1985-09-12 00:00:00,Precipitation amount,-1.0
101489,1979-07-07 00:00:00,Precipitation amount,0.7
101694,1969-11-21 00:00:00,Snow depth,7.0
101189,2018-11-20 00:00:00,Maximum temperature,0.1
101046,1977-05-08 00:00:00,Precipitation amount,6.5
101839,1978-08-26 00:00:00,Air temperature,9.7
101271,1969-10-26 00:00:00,Minimum temperature,4.4
101839,1977-02-20 00:00:00,Maximum temperature,-10.5
101111,1979-01-25 00:00:00,Snow depth,31.0
101787,1993-07-23 00:00:00,Precipitation amount,1.8
101054,1963-11-24 00:00:00,Snow depth,4.0
101196,1961-01-13 00:00:00,Minimum temperature,-6.4
102020,1977-08-29 00:00:00,Snow depth,-1.0
101079,1972-11-02 00:00:00,Precipitation amount,2.2
101661,2002-10-30 00:00:00,Maximum temperature,4.0
101014,1985-05-09 00:00:00,Precipitation amount,0.5
101694,1974-05-15 00:00:00,Air temperature,11.2
101441,1981-08-27 00:00:00,Air temperature,10.7
101421,2012-01-19 00:00:00,Air temperature,-6.7
101859,2000-04-23 00:00:00,Precipitation amount,6.1
101639,1979-01-09 00:00:00,Precipitation amount,0.2
101371,1974-09-07 00:00:00,Snow depth,-1.0
101166,2003-08-23 00:00:00,Snow depth,-1.0
101634,1985-11-05 00:00:00,Maximum temperature,2.5
101191,2013-10-31 00:00:00,Air temperature,2.9
101555,1999-01-26 00:00:00,Maximum temperature,-19.0
102042,2000-01-31 00:00:00,Minimum temperature,-10.8
100965,2021-07-21 00:00:00,Maximum temperature,23.1
102012,1981-10-02 00:00:00,Precipitation amount,0.1
100955,2013-08-20 00:00:00,Minimum temperature,12.9
101059,2018-01-05 00:00:00,Maximum temperature,3.4
100969,1997-03-25 00:00:00,Snow depth,1.0
101287,1986-01-24 00:00:00,Snow depth,50.0
101788,1982-10-11 00:00:00,Maximum temperature,5.2
101317,1974-08-30 00:00:00,Snow depth,-1.0
101826,2021-07-11 00:00:00,Air temperature,22.8
101608,1991-06-22 00:00:00,Precipitation amount,7.5
101959,2009-04-19 00:00:00,Air temperature,-5.1
101663,1970-03-13 00:00:00,Air temperature,-4.9
101130,1981-07-05 00:00:00,Minimum temperature,11.8
101035,1980-02-11 00:00:00,Snow depth,26.0
101259,1975-10-03 00:00:00,Precipitation amount,-1.0
101886,1991-02-03 00:00:00,Precipitation amount,0.0
101956,2016-07-12 00:00:00,Snow depth,-1.0
101283,1990-01-26 00:00:00,Precipitation amount,7.4
101832,1962-08-10 00:00:00,Snow depth,-1.0
101162,1987-12-04 00:00:00,Precipitation amount,-1.0
100976,2004-01-25 00:00:00,Snow depth,17.0
101555,1962-06-07 00:00:00,Minimum temperature,4.0
101079,1974-09-03 00:00:00,Precipitation amount,-1.0
101763,2023-04-15 00:00:00,Precipitation amount,-1.0
101603,2016-02-15 00:00:00,Precipitation amount,3.3
101694,1972-01-12 00:00:00,Snow depth,34.0
101959,2005-02-10 00:00:00,Snow depth,35.0
101414,1985-02-24 00:00:00,Snow depth,40.0
101350,2007-06-26 00:00:00,Snow depth,-1.0
101786,1978-08-29 00:00:00,Snow depth,-1.0
101826,2010-01-14 00:00:00,Snow depth,22.0
101340,1964-12-29 00:00:00,Maximum temperature,-7.7
101747,2001-08-09 00:00:00,Precipitation amount,1.5
101231,1984-03-13 00:00:00,Minimum temperature,-10.3
101799,2017-08-11 00:00:00,Minimum temperature,13.1
101267,2018-09-11 00:00:00,Maximum temperature,17.5
101317,2014-02-25 00:00:00,Minimum temperature,1.7
101914,1992-12-01 00:00:00,Air temperature,-0.1
101809,2018-06-21 00:00:00,Precipitation amount,0.8
101555,1997-02-06 00:00:00,Maximum temperature,-2.1
101212,1980-04-13 00:00:00,Precipitation amount,-1.0
101857,1999-12-13 00:00:00,Precipitation amount,9.7
101778,1989-11-06 00:00:00,Precipitation amount,2.6
101846,1999-12-31 00:00:00,Air temperature,-14.1
101395,1999-03-28 00:00:00,Precipitation amount,0.0
100955,1969-10-31 00:00:00,Precipitation amount,1.6
101776,2009-08-07 00:00:00,Air temperature,16.6
101352,1999-10-20 00:00:00,Precipitation amount,-1.0
101400,1989-09-14 00:00:00,Air temperature,6.8
101473,1985-03-27 00:00:00,Precipitation amount,0.6
100909,1961-03-30 00:00:00,Air temperature,0.1
101448,1999-01-31 00:00:00,Snow depth,27.0
100915,1998-03-23 00:00:00,Precipitation amount,-1.0
101667,1984-03-11 00:00:00,Snow depth,52.0
101331,1967-06-09 00:00:00,Snow depth,-1.0
101712,2007-08-23 00:00:00,Snow depth,-1.0
101881,1973-05-28 00:00:00,Precipitation amount,-1.0
101046,1975-04-27 00:00:00,Precipitation amount,2.9
101048,1992-07-05 00:00:00,Precipitation amount,-1.0
101245,2010-06-30 00:00:00,Minimum temperature,13.1
101776,2006-11-29 00:00:00,Precipitation amount,3.8
101677,1983-02-23 00:00:00,Precipitation amount,-1.0
101842,1995-03-09 00:00:00,Precipitation amount,2.2
101522,1993-09-23 00:00:00,Snow depth,-1.0
101985,2013-04-09 00:00:00,Air temperature,-7.2
101856,1985-12-03 00:00:00,Snow depth,12.0
101471,1966-06-17 00:00:00,Snow depth,-1.0
101492,1997-08-18 00:00:00,Snow depth,-1.0
101257,1990-07-22 00:00:00,Precipitation amount,0.3
101503,1999-10-04 00:00:00,Minimum temperature,7.8
101743,1979-10-24 00:00:00,Snow depth,5.0
101959,2021-05-11 00:00:00,Minimum temperature,2.5
101769,2008-02-06 00:00:00,Snow depth,74.0
100914,1979-09-02 00:00:00,Snow depth,-1.0
101915,1981-07-10 00:00:00,Snow depth,-1.0
101910,2004-09-04 00:00:00,Precipitation amount,1.3
101982,2010-11-13 00:00:00,Minimum temperature,-6.9
100937,1988-11-19 00:00:00,Precipitation amount,0.0
101253,1978-05-06 00:00:00,Precipitation amount,3.0
101793,2002-06-29 00:00:00,Minimum temperature,10.3
100986,2009-06-03 00:00:00,Precipitation amount,8.5
101634,1960-11-26,Snow depth,18.0
101343,1995-03-19 00:00:00,Snow depth,38.0
101262,1991-12-09 00:00:00,Precipitation amount,-1.0
101278,1986-05-12 00:00:00,Snow depth,-1.0
101920,2024-02-06 00:00:00,Minimum temperature,-23.5
100917,2012-05-06 00:00:00,Maximum temperature,10.3
101814,1979-05-20 00:00:00,Minimum temperature,0.8
100932,1970-08-31 00:00:00,Minimum temperature,13.8
100968,1970-12-30 00:00:00,Air temperature,-7.1
101573,1965-01-22 00:00:00,Snow depth,11.0
101980,1976-05-30 00:00:00,Air temperature,5.9
101258,1979-09-23 00:00:00,Precipitation amount,0.0
101320,1970-03-01 00:00:00,Precipitation amount,10.1
100912,1991-06-19 00:00:00,Snow depth,-1.0
101756,2009-07-11 00:00:00,Maximum temperature,22.2
100934,1999-01-12 00:00:00,Precipitation amount,0.4
100947,2013-03-21 00:00:00,Maximum temperature,-1.8
101773,2012-12-22 00:00:00,Precipitation amount,0.0
101220,1976-06-02 00:00:00,Snow depth,-1.0
101259,1983-05-15 00:00:00,Snow depth,-1.0
101124,2015-11-29 00:00:00,Minimum temperature,1.3
101654,1962-01-15 00:00:00,Snow depth,15.0
101993,1977-07-22 00:00:00,Precipitation amount,8.9
100934,1965-02-18 00:00:00,Maximum temperature,-2.7
101702,1995-08-05 00:00:00,Snow depth,-1.0
101450,2020-11-01 00:00:00,Snow depth,-1.0
101272,1986-07-31 00:00:00,Maximum temperature,22.8
101490,1990-10-28 00:00:00,Snow depth,-1.0
101980,2016-07-30 00:00:00,Precipitation amount,14.3
101346,2001-07-06 00:00:00,Precipitation amount,3.8
101448,1989-02-18 00:00:00,Snow depth,-1.0
101570,1982-07-27 00:00:00,Snow depth,-1.0
101048,2000-01-28 00:00:00,Precipitation amount,-1.0
101511,1986-09-18 00:00:00,Precipitation amount,-1.0
102001,1993-07-11 00:00:00,Maximum temperature,23.7
101691,2017-11-22 00:00:00,Precipitation amount,0.1
100953,2011-02-07 00:00:00,Snow depth,45.0
101634,1976-08-21 00:00:00,Maximum temperature,11.5
101225,1961-11-29 00:00:00,Precipitation amount,3.4
102005,1995-10-30 00:00:00,Minimum temperature,-16.0
102034,1992-11-28 00:00:00,Maximum temperature,-10.0
101341,1965-10-10 00:00:00,Snow depth,-1.0
101578,2021-06-21 00:00:00,Precipitation amount,0.0
101047,1974-02-01 00:00:00,Minimum temperature,0.2
102033,1993-07-15 00:00:00,Minimum temperature,10.0
102003,1966-09-27 00:00:00,Snow depth,1.0
100932,1982-02-18 00:00:00,Minimum temperature,-5.1
101717,1975-07-08 00:00:00,Snow depth,-1.0
101024,1993-07-22 00:00:00,Precipitation amount,-1.0
101419,1996-08-08 00:00:00,Precipitation amount,-1.0
101826,2022-01-20 00:00:00,Minimum temperature,-9.9
101609,1985-11-03 00:00:00,Minimum temperature,-2.0
101071,1991-09-08 00:00:00,Precipitation amount,-1.0
101889,1971-08-06 00:00:00,Snow depth,-1.0
101104,2018-12-19 00:00:00,Maximum temperature,-0.4
101863,1968-08-20 00:00:00,Snow depth,-1.0
101831,2018-04-27 00:00:00,Air temperature,3.6
101167,1960-08-14,Precipitation amount,0.0
101952,1990-08-24 00:00:00,Maximum temperature,14.2
101486,1984-12-31 00:00:00,Snow depth,-1.0
101109,1984-04-07 00:00:00,Precipitation amount,-1.0
101575,1986-04-14 00:00:00,Snow depth,54.0
101689,1996-07-06 00:00:00,Maximum temperature,18.7
101994,1993-07-08 00:00:00,Minimum temperature,3.9
101421,2022-05-11 00:00:00,Precipitation amount,1.5
101970,1994-03-05 00:00:00,Snow depth,74.0
101317,1983-11-08 00:00:00,Precipitation amount,0.5
101846,2005-06-20 00:00:00,Maximum temperature,20.5
101662,1961-09-04 00:00:00,Air temperature,5.5
101694,1984-04-12 00:00:00,Precipitation amount,0.8
100955,1963-06-24 00:00:00,Minimum temperature,11.5
101275,1977-12-11 00:00:00,Precipitation amount,-1.0
101715,1979-12-24 00:00:00,Snow depth,31.0
101933,1999-03-13 00:00:00,Minimum temperature,-16.6
101994,2021-07-25 00:00:00,Air temperature,12.5
102041,1972-06-15 00:00:00,Precipitation amount,-1.0
101972,1971-11-07 00:00:00,Precipitation amount,0.5
101191,1979-09-23 00:00:00,Precipitation amount,-1.0
101887,2002-03-29 00:00:00,Air temperature,2.9
101020,1975-09-14 00:00:00,Precipitation amount,0.5
102011,1988-07-03 00:00:00,Snow depth,-1.0
101089,1988-12-16 00:00:00,Precipitation amount,1.0
101703,1972-03-02 00:00:00,Snow depth,57.0
101933,1993-07-11 00:00:00,Precipitation amount,-1.0
101702,1963-12-05 00:00:00,Snow depth,6.0
101560,1996-06-12 00:00:00,Precipitation amount,6.8
107113,2023-09-17 00:00:00,Precipitation amount,8.7
101609,2001-02-13 00:00:00,Air temperature,-4.8
101403,2003-01-22 00:00:00,Precipitation amount,-1.0
100954,1984-07-17 00:00:00,Air temperature,15.7
102034,1963-03-09 00:00:00,Snow depth,59.0
101167,1973-07-13 00:00:00,Precipitation amount,-1.0
101464,1964-10-09 00:00:00,Maximum temperature,12.5
101245,2010-02-26 00:00:00,Air temperature,-8.7
101114,1970-12-20 00:00:00,Precipitation amount,9.7
101268,2002-11-14 00:00:00,Minimum temperature,-6.0
102051,1997-11-21 00:00:00,Maximum temperature,-5.6
100967,2018-08-22 00:00:00,Snow depth,-1.0
101138,1997-08-27 00:00:00,Precipitation amount,-1.0
101430,1983-10-11 00:00:00,Snow depth,-1.0
101559,1972-08-10 00:00:00,Snow depth,-1.0
102048,1978-12-23 00:00:00,Minimum temperature,-35.2
100973,1970-11-06 00:00:00,Air temperature,-6.1
101575,1983-08-01 00:00:00,Snow depth,-1.0
101124,2013-04-24 00:00:00,Air temperature,6.1
101636,1995-01-05 00:00:00,Precipitation amount,0.0
101238,1974-05-19 00:00:00,Precipitation amount,-1.0
101705,2019-11-01 00:00:00,Minimum temperature,-3.9
101143,1974-08-23 00:00:00,Snow depth,-1.0
101500,1975-09-17 00:00:00,Precipitation amount,0.3
102008,1997-05-27 00:00:00,Snow depth,10.0
101703,1975-06-23 00:00:00,Precipitation amount,-1.0
101428,1983-12-26 00:00:00,Precipitation amount,-1.0
101459,1963-04-26 00:00:00,Snow depth,-1.0
101303,1976-06-29 00:00:00,Precipitation amount,-1.0
102036,1981-12-10 00:00:00,Minimum temperature,-27.4
101364,2008-11-03 00:00:00,Air temperature,2.3
100944,1988-01-30 00:00:00,Minimum temperature,-7.0
101067,1974-12-28 00:00:00,Precipitation amount,-1.0
101800,1967-03-31 00:00:00,Precipitation amount,1.6
100992,1985-10-09 00:00:00,Precipitation amount,0.2
101378,1990-01-03 00:00:00,Precipitation amount,0.3
101033,1996-04-11 00:00:00,Maximum temperature,2.4
101687,1970-06-14 00:00:00,Precipitation amount,-1.0
101196,1995-02-03 00:00:00,Air temperature,-4.3
101662,1963-05-21 00:00:00,Precipitation amount,0.1
101015,1971-11-18 00:00:00,Maximum temperature,-4.4
100981,1972-01-21 00:00:00,Snow depth,11.0
101225,1969-07-22 00:00:00,Precipitation amount,-1.0
101639,1993-12-26 00:00:00,Precipitation amount,0.0
101800,1979-03-02 00:00:00,Air temperature,-0.6
101636,2006-08-20 00:00:00,Snow depth,-1.0
101653,1983-06-22 00:00:00,Minimum temperature,6.8
101077,1979-10-28 00:00:00,Snow depth,0.0
102000,1984-02-12 00:00:00,Air temperature,-5.4
102035,2003-05-02 00:00:00,Snow depth,30.0
100989,1977-01-01 00:00:00,Precipitation amount,-1.0
101045,1962-11-19 00:00:00,Maximum temperature,0.0
101968,2015-09-30 00:00:00,Snow depth,-1.0
101591,1972-03-24 00:00:00,Snow depth,55.0
101908,1982-09-13 00:00:00,Snow depth,-1.0
101964,1992-03-28 00:00:00,Precipitation amount,1.7
101641,2016-12-30 00:00:00,Precipitation amount,6.8
101067,1977-04-27 00:00:00,Minimum temperature,3.2
101636,2005-04-15 00:00:00,Precipitation amount,4.4
101847,2002-07-16 00:00:00,Air temperature,17.3
101131,1978-02-10 00:00:00,Precipitation amount,-1.0
101634,1982-12-08 00:00:00,Snow depth,12.0
101388,1968-10-10 00:00:00,Precipitation amount,0.3
100951,2013-11-26 00:00:00,Snow depth,-1.0
101921,1972-11-15 00:00:00,Air temperature,-3.9
101464,2009-07-20 00:00:00,Air temperature,15.3
100936,1968-07-15 00:00:00,Air temperature,15.5
101934,1975-05-10 00:00:00,Minimum temperature,-1.3
101958,1998-05-03 00:00:00,Minimum temperature,-1.1
101921,1976-06-02 00:00:00,Air temperature,5.6
101959,2001-03-24 00:00:00,Snow depth,53.0
101487,1991-03-20 00:00:00,Precipitation amount,1.7
101271,1969-02-01 00:00:00,Snow depth,42.0
101888,1973-08-26 00:00:00,Snow depth,-1.0
101164,1992-06-27 00:00:00,Maximum temperature,25.0
101326,1965-12-17 00:00:00,Precipitation amount,0.6
101444,1970-02-18 00:00:00,Precipitation amount,-1.0
101133,1985-05-14 00:00:00,Precipitation amount,-1.0
100974,1979-09-27 00:00:00,Air temperature,11.2
100976,1991-07-20 00:00:00,Air temperature,14.8
100955,2005-11-06 00:00:00,Air temperature,9.3
102005,2001-01-03 00:00:00,Maximum temperature,-2.7
101832,1979-03-21 00:00:00,Precipitation amount,1.2
101495,1971-08-08 00:00:00,Precipitation amount,9.0
100951,2015-04-03 00:00:00,Air temperature,2.5
101196,2000-03-02 00:00:00,Maximum temperature,2.4
101015,1990-05-08 00:00:00,Maximum temperature,13.5
101610,1982-07-17 00:00:00,Precipitation amount,-1.0
101152,2012-04-14 00:00:00,Air temperature,2.5
101527,1980-03-29 00:00:00,Snow depth,62.0
101569,1993-12-28 00:00:00,Snow depth,40.0
101560,2000-12-20 00:00:00,Precipitation amount,-1.0
101932,2010-08-18 00:00:00,Minimum temperature,0.7
101277,2005-07-28 00:00:00,Snow depth,-1.0
101957,2002-10-11 00:00:00,Snow depth,-1.0
102009,2007-11-06 00:00:00,Minimum temperature,-3.3
101527,1965-01-07 00:00:00,Precipitation amount,2.9
101052,1972-02-04 00:00:00,Snow depth,19.0
101303,1990-04-14 00:00:00,Snow depth,-1.0
101932,1967-04-25 00:00:00,Minimum temperature,-14.9
101200,1986-04-17 00:00:00,Precipitation amount,-1.0
101426,1986-02-06 00:00:00,Snow depth,60.0
101857,2004-10-31 00:00:00,Snow depth,-1.0
101615,1974-02-26 00:00:00,Snow depth,70.0
100924,2019-01-18 00:00:00,Air temperature,-2.7
100907,1990-01-12 00:00:00,Maximum temperature,1.2
101237,1999-05-02 00:00:00,Minimum temperature,-1.3
100976,1995-05-15 00:00:00,Minimum temperature,1.0
101594,1974-03-09 00:00:00,Snow depth,79.0
101024,1998-04-22 00:00:00,Snow depth,-1.0
101557,1989-12-03 00:00:00,Snow depth,9.0
101794,2003-06-24 00:00:00,Air temperature,16.6
101541,2008-12-04 00:00:00,Snow depth,0.0
101660,2015-11-07 00:00:00,Air temperature,7.8
101725,2021-03-02 00:00:00,Air temperature,-1.4
101788,1977-07-05 00:00:00,Maximum temperature,24.2
100961,2011-06-20 00:00:00,Minimum temperature,11.5
101799,2016-01-19 00:00:00,Snow depth,22.0
101339,1968-09-15 00:00:00,Maximum temperature,7.2
100961,2005-03-06 00:00:00,Air temperature,-10.0
101132,1982-03-10 00:00:00,Maximum temperature,-0.5
101486,1988-11-28 00:00:00,Air temperature,-14.5
101970,1991-06-24 00:00:00,Precipitation amount,-1.0
101704,1966-12-31 00:00:00,Precipitation amount,4.4
101743,1987-08-20 00:00:00,Minimum temperature,10.2
101311,2010-05-28 00:00:00,Air temperature,9.8
101474,1996-12-15 00:00:00,Precipitation amount,-1.0
101825,1984-01-18 00:00:00,Precipitation amount,5.2
101104,2020-07-12 00:00:00,Maximum temperature,18.2
101109,1989-07-31 00:00:00,Precipitation amount,8.9
101994,2012-03-12 00:00:00,Snow depth,81.0
100947,1998-02-20 00:00:00,Minimum temperature,-0.1
101916,1996-05-16 00:00:00,Air temperature,-1.2
101279,1964-06-24 00:00:00,Precipitation amount,0.2
101748,2014-05-22 00:00:00,Precipitation amount,-1.0
101289,1995-08-10 00:00:00,Maximum temperature,15.6
101132,1996-04-17 00:00:00,Air temperature,4.1
101121,1994-12-02 00:00:00,Snow depth,-1.0
101193,1966-11-03 00:00:00,Snow depth,-1.0
101404,1989-04-24 00:00:00,Snow depth,-1.0
101404,1992-05-11 00:00:00,Snow depth,-1.0
126736,2015-05-17 00:00:00,Maximum temperature,10.0
101787,2012-11-21 00:00:00,Snow depth,-1.0
101643,1998-05-24 00:00:00,Snow depth,-1.0
101865,1978-11-10 00:00:00,Snow depth,-1.0
101777,1976-08-03 00:00:00,Precipitation amount,4.1
101140,1966-05-13 00:00:00,Precipitation amount,-1.0
101153,1981-11-23 00:00:00,Snow depth,8.0
101721,1986-02-08 00:00:00,Precipitation amount,0.4
101372,1990-08-02 00:00:00,Snow depth,-1.0
101952,2001-04-28 00:00:00,Precipitation amount,0.2
101783,2018-04-05 00:00:00,Minimum temperature,-1.5
101949,2007-08-03 00:00:00,Minimum temperature,13.8
101237,2009-04-03 00:00:00,Minimum temperature,-0.2
101935,1967-10-14 00:00:00,Snow depth,-1.0
101692,1965-04-25 00:00:00,Precipitation amount,-1.0
101245,2000-10-08 00:00:00,Minimum temperature,9.6
101888,1984-03-08 00:00:00,Precipitation amount,-1.0
101152,2013-02-08 00:00:00,Snow depth,46.0
102016,2021-04-13 00:00:00,Snow depth,89.0
101003,2010-01-29 00:00:00,Minimum temperature,-12.3
101861,1995-03-12 00:00:00,Snow depth,89.0
101790,1971-09-08 00:00:00,Precipitation amount,-1.0
101046,1961-08-05 00:00:00,Air temperature,13.9
101691,2008-11-20 00:00:00,Precipitation amount,0.1
101039,2016-03-13 00:00:00,Minimum temperature,-3.3
101937,1962-10-25 00:00:00,Precipitation amount,0.7
101570,1963-11-07 00:00:00,Air temperature,0.8
101969,1971-05-16 00:00:00,Precipitation amount,1.2
101880,1972-02-22 00:00:00,Snow depth,105.0
101132,1965-12-09 00:00:00,Minimum temperature,-4.7
102004,1972-01-05 00:00:00,Air temperature,-10.2
101839,1999-12-30 00:00:00,Air temperature,-10.6
101832,1976-02-21 00:00:00,Maximum temperature,-4.7
101993,1969-06-25 00:00:00,Precipitation amount,-1.0
101245,1995-03-01 00:00:00,Maximum temperature,1.2
100923,2006-02-03 00:00:00,Air temperature,-8.7
101964,1976-12-27 00:00:00,Snow depth,48.0
101503,1974-07-15 00:00:00,Precipitation amount,3.6
101933,1980-10-22 00:00:00,Minimum temperature,-7.5
101024,1998-02-10 00:00:00,Snow depth,10.0
101238,1976-03-01 00:00:00,Air temperature,0.3
101462,1970-12-23 00:00:00,Air temperature,-2.6
101577,2002-10-18 00:00:00,Precipitation amount,-1.0
102024,2015-06-13 00:00:00,Precipitation amount,-1.0
100936,1972-06-14 00:00:00,Snow depth,-1.0
101944,1974-10-23 00:00:00,Precipitation amount,-1.0
101317,1991-11-14 00:00:00,Snow depth,-1.0
101978,1972-05-23 00:00:00,Snow depth,25.0
101724,1994-03-11 00:00:00,Snow depth,46.0
100947,2020-10-24 00:00:00,Minimum temperature,4.7
101406,1968-10-04 00:00:00,Snow depth,-1.0
101949,1999-05-05 00:00:00,Maximum temperature,4.4
101535,1962-12-26 00:00:00,Precipitation amount,-1.0
101207,1968-03-15 00:00:00,Precipitation amount,0.3
102001,1982-05-29 00:00:00,Precipitation amount,24.8
101651,2008-09-22 00:00:00,Maximum temperature,12.6
101520,1979-07-11 00:00:00,Maximum temperature,19.8
101030,1969-05-07 00:00:00,Minimum temperature,3.2
101570,1990-04-21 00:00:00,Precipitation amount,-1.0
101835,2000-08-03 00:00:00,Precipitation amount,-1.0
102035,2019-09-07 00:00:00,Maximum temperature,10.2
101503,1983-07-15 00:00:00,Minimum temperature,2.9
101272,2012-06-05 00:00:00,Air temperature,8.8
101436,2010-09-06 00:00:00,Air temperature,12.3
101609,1986-11-29 00:00:00,Maximum temperature,6.6
101274,1990-03-12 00:00:00,Precipitation amount,-1.0
101221,1988-04-11 00:00:00,Precipitation amount,-1.0
101231,2021-03-31 00:00:00,Snow depth,4.0
101788,1994-10-12 00:00:00,Maximum temperature,8.0
102048,1988-02-29 00:00:00,Minimum temperature,-19.6
101021,1970-12-19 00:00:00,Snow depth,-1.0
101068,2019-08-02 00:00:00,Precipitation amount,-1.0
101321,1970-08-01 00:00:00,Precipitation amount,1.4
101159,2006-07-29 00:00:00,Snow depth,-1.0
101762,1966-02-14 00:00:00,Snow depth,55.0
101459,1997-04-23 00:00:00,Precipitation amount,2.1
101488,1961-06-24 00:00:00,Snow depth,-1.0
101065,2022-10-25 00:00:00,Air temperature,5.3
101361,1982-01-04 00:00:00,Maximum temperature,-17.6
101751,1999-11-30 00:00:00,Precipitation amount,6.8
101135,1998-05-10 00:00:00,Snow depth,-1.0
101502,1983-04-04 00:00:00,Snow depth,1.0
101166,2003-10-29 00:00:00,Snow depth,-1.0
101578,2005-09-16 00:00:00,Snow depth,-1.0
101231,1984-06-18 00:00:00,Precipitation amount,0.0
101646,1991-09-16 00:00:00,Snow depth,-1.0
102002,1970-08-27 00:00:00,Minimum temperature,0.0
101590,1979-10-13 00:00:00,Precipitation amount,-1.0
101726,2020-11-24 00:00:00,Snow depth,5.0
101856,1985-01-16 00:00:00,Precipitation amount,0.1
101641,1972-08-24 00:00:00,Precipitation amount,10.8
101139,2000-08-08 00:00:00,Snow depth,-1.0
101078,1982-11-18 00:00:00,Snow depth,-1.0
101395,1995-05-23 00:00:00,Precipitation amount,1.4
101219,2023-06-30 00:00:00,Precipitation amount,2.0
101555,2012-04-06 00:00:00,Minimum temperature,-4.8
101093,2009-09-17 00:00:00,Precipitation amount,0.1
101393,2000-01-20 00:00:00,Minimum temperature,-11.6
101060,2000-07-26 00:00:00,Air temperature,13.0
101834,1968-06-11 00:00:00,Snow depth,-1.0
101921,1970-12-09 00:00:00,Maximum temperature,-2.8
101733,2002-07-29 00:00:00,Precipitation amount,-1.0
101695,2021-09-07 00:00:00,Precipitation amount,1.5
101970,1992-09-01 00:00:00,Precipitation amount,5.4
101350,1963-03-21 00:00:00,Precipitation amount,-1.0
101894,1985-01-02 00:00:00,Precipitation amount,1.3
102001,1962-03-18 00:00:00,Maximum temperature,-7.7
101164,1982-07-14 00:00:00,Minimum temperature,4.2
101662,1981-11-10 00:00:00,Maximum temperature,3.5
101665,1979-01-20 00:00:00,Precipitation amount,-1.0
102008,1963-02-06 00:00:00,Snow depth,60.0
101015,1960-04-29,Air temperature,2.3
102036,2023-03-31 00:00:00,Precipitation amount,5.0
101788,1960-12-08,Air temperature,-12.6
100923,2003-03-01 00:00:00,Air temperature,-9.5
101994,1978-01-28 00:00:00,Maximum temperature,-38.1
101191,1991-12-24 00:00:00,Precipitation amount,2.2
101468,1998-05-07 00:00:00,Precipitation amount,-1.0
101168,1977-03-26 00:00:00,Precipitation amount,0.6
101503,2023-11-22 00:00:00,Air temperature,-3.5
101316,1976-11-25 00:00:00,Maximum temperature,-6.7
101933,1996-04-09 00:00:00,Air temperature,-0.8
101329,1997-10-16 00:00:00,Precipitation amount,3.9
101146,2000-07-18 00:00:00,Snow depth,-1.0
102005,1985-08-19 00:00:00,Maximum temperature,11.8
101565,1995-03-23 00:00:00,Maximum temperature,2.8
102035,1986-02-03 00:00:00,Precipitation amount,0.3
101022,1983-06-21 00:00:00,Air temperature,10.9
101135,1976-05-30 00:00:00,Snow depth,-1.0
101727,1989-10-28 00:00:00,Precipitation amount,0.2
101656,1997-09-21 00:00:00,Precipitation amount,-1.0
101302,1965-07-02 00:00:00,Precipitation amount,1.0
101403,1977-03-10 00:00:00,Precipitation amount,1.5
101293,2005-11-09 00:00:00,Minimum temperature,5.0
101061,2016-04-14 00:00:00,Minimum temperature,-1.0
101153,2006-12-22 00:00:00,Snow depth,1.0
101754,1994-04-07 00:00:00,Precipitation amount,7.0
101030,1993-07-10 00:00:00,Maximum temperature,18.8
101871,1990-05-11 00:00:00,Precipitation amount,0.2
101068,1997-12-18 00:00:00,Precipitation amount,-1.0
101194,1968-03-07 00:00:00,Minimum temperature,-9.8
101104,2004-10-01 00:00:00,Air temperature,4.8
101479,2010-09-20 00:00:00,Air temperature,11.1
101291,2021-03-02 00:00:00,Maximum temperature,4.9
101344,1969-03-27 00:00:00,Snow depth,47.0
101920,1980-02-08 00:00:00,Maximum temperature,-23.5
101104,1982-11-29 00:00:00,Minimum temperature,1.6
101493,1994-11-07 00:00:00,Snow depth,-1.0
101570,1962-07-27 00:00:00,Air temperature,13.7
100932,1961-11-27 00:00:00,Minimum temperature,1.7
101030,1987-05-07 00:00:00,Maximum temperature,4.9
100912,1970-08-17 00:00:00,Precipitation amount,-1.0
101212,1993-07-23 00:00:00,Snow depth,-1.0
101364,2005-08-03 00:00:00,Maximum temperature,21.0
101914,1996-03-16 00:00:00,Air temperature,-5.7
101039,2013-03-28 00:00:00,Minimum temperature,-5.6
101800,1985-01-14 00:00:00,Precipitation amount,0.1
101238,1966-05-23 00:00:00,Precipitation amount,0.8
101908,1987-01-03 00:00:00,Maximum temperature,-21.6
101272,2019-02-18 00:00:00,Precipitation amount,1.6
101726,2007-11-01 00:00:00,Minimum temperature,0.7
101302,1992-05-20 00:00:00,Precipitation amount,-1.0
101469,1973-08-30 00:00:00,Snow depth,-1.0
101469,1980-02-15 00:00:00,Precipitation amount,6.9
101675,2021-08-04 00:00:00,Minimum temperature,13.3
101015,1989-01-04 00:00:00,Air temperature,0.4
101921,1970-03-30 00:00:00,Maximum temperature,-2.8
101889,1976-08-07 00:00:00,Precipitation amount,-1.0
101106,1970-06-22 00:00:00,Air temperature,15.6
101383,1992-06-15 00:00:00,Snow depth,-1.0
100949,2023-02-17 00:00:00,Snow depth,-1.0
101293,1981-02-04 00:00:00,Maximum temperature,-5.5
101677,1980-01-11 00:00:00,Maximum temperature,-6.4
101014,1962-10-08 00:00:00,Minimum temperature,5.3
101078,1966-10-11 00:00:00,Precipitation amount,2.1
101153,1967-01-12 00:00:00,Snow depth,60.0
101608,1992-07-08 00:00:00,Precipitation amount,-1.0
100940,1970-03-12 00:00:00,Precipitation amount,0.1
101486,1992-11-26 00:00:00,Precipitation amount,2.0
101843,1961-08-03 00:00:00,Precipitation amount,4.5
101111,1968-07-18 00:00:00,Snow depth,-1.0
101077,1986-11-22 00:00:00,Precipitation amount,1.7
101310,2013-03-30 00:00:00,Maximum temperature,2.8
101887,1983-09-03 00:00:00,Maximum temperature,19.6
101185,1996-01-17 00:00:00,Minimum temperature,-2.1
101879,2001-02-18 00:00:00,Maximum temperature,-0.2
101880,1984-02-17 00:00:00,Precipitation amount,0.0
101172,1990-01-20 00:00:00,Precipitation amount,4.4
102005,2020-12-30 00:00:00,Air temperature,-3.8
101474,1993-05-29 00:00:00,Snow depth,-1.0
101969,1977-09-26 00:00:00,Minimum temperature,1.9
101567,1981-06-01 00:00:00,Precipitation amount,1.0
